t,x,class
-0.258062916115283,0.6203545412886082,True
0.7633069151461664,-0.8067187397776299,True
0.009584049173712916,0.23623219584763144,True
-0.7058353625420313,-0.39935318203488324,False
-0.3370291739886633,0.16402133116461837,True
0.8622957057664669,0.3502595584190509,True
-0.7072557856244897,-0.5572902104561273,False
0.5651502273524001,0.4525225029852682,True
-0.03655055092179582,0.8848699885630396,True
-0.2775818133047179,0.9112604641567918,True
-0.3755546381220145,0.8480011337933089,True
0.6396301547018728,-0.7116893042802974,True
-0.24584580256880484,0.3731532847110286,True
-0.4202419078989468,-0.29285329905250035,True
-0.08233016236178514,-0.47750600659033093,True
0.1374540873736887,-0.8687678265903294,False
-0.35767240743819917,0.03490022777079527,True
0.7210730998906763,-0.6751817683122185,True
-0.8201815561429937,-0.3593153990504274,False
0.982136139057542,0.47512585260001194,True
0.10704649426344104,-0.5130037150977866,False
-0.346780377798104,-0.09018037173017168,True
-0.7065690410930059,0.913238885672665,False
-0.5018733504492099,-0.8441498156765135,False
-0.476638510668866,-0.9374512371346482,False
-0.07737298238118928,0.9951960307649146,True
-0.35178521383078154,-0.745841936953858,True
0.3590892006741979,-0.016550499062169655,False
-0.9346836597756372,0.056299951383668834,False
0.5509306648016743,-0.055047846025121805,True
-0.39483375536016374,-0.15867173219120012,True
0.4099304740600169,-0.5278189694523667,False
-0.9969932484985717,0.8480036256435939,True
-0.4704474887797505,0.10613123414045234,True
-0.39258135728494303,-0.6036922326731049,True
-0.667853222634788,-0.07950790921767736,False
-0.18375877886659753,0.44031648830304815,True
-0.6351492385485429,0.43933415576747104,False
-0.8716970236596604,-0.8504309975043365,False
0.8711933047798637,0.9946274226080825,True
-0.049394657181078605,0.8882098739959432,True
0.4507685652773088,-0.855525073153399,False
-0.9708699207650102,-0.3431204474216534,False
-0.11243245249876632,0.9048360088005063,True
-0.7996026898574746,-0.5393939302277226,False
-0.8825242148626589,-0.6149577058977718,False
0.8433083454176891,-0.13354874673735972,True
-0.6792821269115819,-0.6600510398476842,False
0.6645193605813309,-0.7316841379209158,True
0.2781802804512248,-0.6388176656702924,False
0.6792967911118262,0.39969986484839404,True
0.3052604862336934,0.17356617376492411,False
-0.29846357979335836,0.90057805202241,True
0.46495590426136624,0.1701937484520748,False
-0.4147262487518022,0.6490399213791382,True
0.28883037371967446,-0.33198083851070237,False
0.3544123953717022,0.5389418392425511,False
0.3783914905484609,-0.26575583249238366,False
0.713730632937787,-0.8556495905184758,True
-0.30669561031319437,-0.594984184338988,True
0.5503616908593085,-0.27716696134206487,True
0.8326379426831936,0.8927642006790162,True
-0.9364316180947461,0.5819296583211595,True
0.8192153320582327,-0.9263494892088813,False
-0.8766399950518231,-0.9507265936544655,False
-0.1556912805114301,-0.9104561406771665,False
0.945053932549752,0.9793471194442658,True
-0.5030290111730391,0.43122666773986396,True
-0.590748781034061,0.667759453522857,True
-0.768127259552738,-0.13719873703325747,False
-0.4259809636973002,-0.07423167831503052,True
0.9354700168753627,0.1824051345883153,True
-0.19007855206918522,0.2754076786509023,True
0.1268635993644729,-0.5672816884564462,False
0.2989250698753496,0.2638707955749673,False
0.3996036748700711,-0.2897690591164752,False
-0.22835319330776338,-0.6966140653690225,True
0.5736441237818437,0.4084771985350417,True
-0.7277972298943172,0.8967035208912664,False
-0.013321675788621423,0.6665378304097316,True
-0.11790423679894202,0.5798442508410775,True
0.0022089646283525166,0.02788901924592535,True
-0.6580901937266077,-0.4048995200950427,False
0.6624778917106529,0.5225682225895871,True
0.39793980299623555,0.8278028322879292,True
-0.054212591367041485,-0.38486955149858604,False
0.7139238375837214,-0.07453934539878637,True
-0.9039780647894862,-0.46817867400043944,False
0.6055698605347093,0.3022496092130711,True
-0.3638432501464979,-0.4477830494708943,True
-0.03737225866730398,0.6414166607478009,True
-0.26077907089722707,0.4034665896969438,True
-0.7541824446013252,0.6410362121429778,False
-0.16063259563123,-0.3850843039096361,True
-0.9857481353454609,0.2557785621007358,True
-0.82724175508722,-0.5813887753515854,False
-0.21480545688725927,0.9998068726372311,True
-0.4878456402286757,-0.07779246616744495,False
0.8235954202266178,-0.49351956077264303,True
-0.9343963390613537,-0.6611916993085543,False
0.6675409045147016,0.06710496992663706,True
0.5611433693739449,-0.09225549239795994,True
0.0679499219348132,-0.09745563309942074,False
-0.7027073010051827,-0.048685263901824705,False
-0.3610577029630433,0.7126618720683358,True
0.7699652435985651,0.4335820985625871,True
0.1878952124473321,-0.4370702254678942,False
-0.44862360652385935,0.8328497009461868,True
0.2268614133272746,0.9849990269394686,False
0.6680202881589381,-0.40436281825477294,True
-0.5432900529863616,0.7492897084579522,True
-0.42200366652746624,0.4354046870825805,True
0.24877012977778667,-0.19681047877425262,False
-0.5957240025638129,0.10707168595536443,False
-0.3967319849195541,-0.8088752639402026,False
0.724134190569923,0.1826344627540697,True
0.22023200052811243,0.6052158196588096,False
-0.023078273103511737,0.9687097964629936,True
-0.972557079692731,0.8164580730382345,True
0.8184238196651454,-0.10701504668126849,True
0.7270374169128992,0.3666431015238443,True
0.609761378086181,0.7647591531063287,True
0.046503039445704886,0.6012096112194725,True
-0.18145278861225855,-0.49308003005966916,True
-0.8292926508405276,-0.21885531666928726,False
-0.14709716484063318,-0.27998688478490874,True
0.7296073439531043,-0.2187149642268631,True
0.948378061354124,-0.5715146071854551,False
0.430413963270013,0.47391236329231146,True
0.1154024156279303,-0.056885323487965156,False
-0.1113564413040673,-0.9317553496315847,False
-0.13543848477238818,0.9399003045208518,True
-0.17378853780626913,0.4322425032296999,True
-0.41050294588219294,0.1042108140467386,True
0.6128598419172981,-0.8633128069376765,False
0.8498034095464331,-0.44712787099779905,True
0.12795288595753407,0.4552694754850566,False
0.28705644617576476,-0.9230875557770508,False
-0.27301414286801395,-0.7161868749202713,True
0.8286355419827562,0.2929608477449206,True
0.1338724898879302,0.003364882321262641,False
-0.24141484077307984,-0.4930134801226309,True
0.6802969691182812,-0.48471162152712455,True
0.9111831593791493,0.04239672714969345,True
0.9331714195971665,0.01304738996939725,True
0.32729663626385164,0.7732409835848233,False
0.4352477708369853,-0.8014142497633991,False
0.15177526484810966,-0.5869950893944578,False
0.3204980492071028,0.7541317222157078,False
0.7665632775853317,-0.9722391417485068,True
-0.03542811421199121,0.9356831407738675,True
0.32549630005525865,-0.7270432291274798,False
0.9050655396351708,-0.311869385220096,True
0.5664172963379139,-0.2620025885372286,True
-0.7458855533115325,-0.3052188826738862,False
0.9100021155266143,-0.10524896295907027,True
-0.6458708236904924,-0.548206906004844,False
-0.5541628895784323,0.16339609158089985,False
-0.5069444719861464,-0.27485350734653635,False
0.5810430281577712,0.01722100166601459,True
-0.10958525391174967,-0.8096319089754997,False
-0.906855673387772,0.35523234551571026,False
0.04108352395635673,-0.8710465227326907,False
-0.22672062942383264,-0.7674110168207395,True
-0.8962299514879317,-0.9876591399437473,False
0.20211584285530648,-0.3676671468798729,False
-0.7140614784803754,-0.6360356796024904,False
-0.5528545490818348,-0.20584091733874343,False
-0.685000886851381,0.6830333707284397,False
-0.31108248522780046,0.48851225289627576,True
-0.9771678668779848,0.9402795901052683,True
-0.4653893169010146,0.9097059856704437,True
0.40185209201359817,-0.3392562100589276,False
0.026228105337953167,0.2872977299445476,True
-0.34016442872919317,-0.7938927153349256,True
0.8510533567825349,0.6796246445211085,True
0.41036287225498125,0.3411462486550618,False
-0.7394545847238656,0.3741729608639994,False
-0.6971283562534301,0.8442053431418748,False
0.31289381799587224,-0.5508926470738078,False
-0.9688895120641763,-0.8126827373801115,False
0.8036317669699942,-0.7801591781983954,True
-0.7785061028624336,-0.7602757876576687,False
-0.9219812645355954,-0.08854401122644395,False
0.5040203760113258,0.4700985622447107,True
-0.9224316497019116,-0.28626565268854187,False
-0.20670879187816005,0.4601634026102912,True
0.272946269439998,-0.9460250360513727,False
-0.25237566491657426,0.8745938233485924,True
0.9788090526753475,-0.35712966101055255,False
-0.8750661210297457,0.8951565486581592,True
0.3125725098318204,0.27726690337380067,False
-0.4687492686575201,0.3008731352558569,True
-0.15621994682750695,-0.5196332564296515,True
0.5118932599876236,-0.12371246673769254,False
0.6115929032388725,0.34002449826883585,True
0.7415479287754445,-0.14243993637446595,True
-0.9716578488723806,0.14678428664533416,False
0.6086488254834126,-0.8993385264667892,False
-0.5059654403170304,0.4791330195068346,True
-0.4744413179866629,-0.2980507499822116,False
-0.747985140279694,-0.5180446373977707,False
0.1945448002737984,-0.06418408519752417,False
0.33467580219025383,-0.7473900739968351,False
-0.18614851978536473,-0.5700908748505968,True
-0.013100225791052855,0.706120624346471,True
0.11137806923739291,-0.9287990282460925,False
-0.583909291085684,-0.5712990130629556,False
0.8227709220431314,-0.06204950061811054,True
-0.9183168863814899,-0.8647620601718076,False
-0.5238539253036194,-0.1046829871114816,False
-0.42568012671607147,0.2291534094670724,True
-0.26140761806795987,0.12152762001415685,True
0.260060603441,0.7813367366533666,False
0.9562755216763779,0.8055914243288997,True
0.8568222413733972,0.9040302975302428,True
0.6229841020686446,0.8240250604383539,True
-0.07939076222255093,0.9845856530533106,True
-0.6021382518791623,-0.8934919576459806,False
-0.6908516622048342,-0.8778941136488105,False
-0.4799695669470532,0.7881335539816057,True
0.35289889609159286,0.26573535768536605,False
-0.6760428516776118,-0.42824664417067804,False
-0.6957475935550144,-0.20762209842743728,False
0.6009778730135773,-0.6679570438784459,False
-0.7797506367462104,-0.5837708564829267,False
0.6643949621520306,-0.4268159499918447,True
0.4590109040871144,0.27523205207654855,True
0.6269848281537949,0.9386054596743592,True
0.7625407970783498,0.5786722781076612,True
-0.25635557620215055,-0.21762121612400187,True
0.555650529585813,-0.6563896927807022,False
-0.08340228547735196,0.26152094233904544,True
-0.7106088365728394,0.2954615931024309,False
-0.8075886934282039,-0.8925558021108289,False
0.3190846401947247,-0.7009769507142689,False
-0.38575136503264185,-0.5086178896515641,True
0.663614349039783,0.9692937030937421,True
0.4633842782205875,-0.28845149245853285,False
0.4524465190842799,0.44805260717830975,True
0.558745040214836,-0.11594723592768297,True
0.09132152519341963,-0.4610336926784817,False
-0.48531396360975054,-0.4433406301313847,False
0.48104028182331215,-0.178338951531527,False
0.10746939908467446,0.8568788003993595,True
-0.05150049076278029,-0.6939598069684034,False
0.3265602048330576,0.6082170971682312,False
-0.06134587511489564,0.6522585790150188,True
-0.8821270421351608,0.7661325504594223,True
-0.950181684489066,0.18170862541716315,False
0.012885470080093553,-0.7227811659405321,False
0.5292049988868017,-0.3331482261296441,False
0.9822663511265515,0.32606514220815086,True
-0.6656530984131059,0.21142274278084727,False
0.5102804368664566,-0.43457690816025196,False
-0.2801707202630481,-0.8588562982689039,True
0.15955118284265013,0.6744126298488768,False
-0.910166850602987,0.3889754723698744,False
0.7707675891662751,0.3393296467150697,True
0.81760623512714,-0.567441774418509,True
-0.20870534752380254,0.04771172060302775,True
0.06745961035021852,-0.36302900610152333,False
0.5052872995789441,0.3726642390445971,True
-0.6887902549415774,-0.5951219452787793,False
-0.3370902892819121,0.407638217585337,True
-0.9021072846351226,-0.8108137976299004,False
-0.020650818405843596,-0.7837165516482552,False
-0.5555704994705453,0.45805700907690405,True
-0.1378235537786079,-0.15808346975736542,True
0.3438076690236944,0.23375743987839104,False
-0.38099766544477376,0.1970226648311908,True
-0.3638685386958429,-0.8622196334405439,False
0.1304337679239973,0.17174377532376006,False
-0.07303970287576322,0.262743148273169,True
-0.37632075285434974,-0.7417483959071438,False
-0.44293757603982487,0.5315433790461104,True
-0.07983476887033625,-0.09135270662922212,True
-0.17093926264686932,-0.3254030601958855,True
-0.20492831795717636,0.7584106733001816,True
0.10064858039264113,0.36287438855100973,False
0.3942202532904371,-0.7875459348768956,False
-0.8257110553174569,-0.20294207758869787,False
0.14615903728196722,-0.8762739976503702,False
0.9881082172201083,0.41331261310771983,True
-0.5955203640496833,-0.1899172407316181,False
0.3170743984782953,-0.43954907663548726,False
-0.3229857445082802,0.46364155579726973,True
-0.07149369721014476,-0.6724792294691988,False
-0.03366164126377291,0.29509803072215135,True
0.48055990314046926,0.007270052133451443,False
-0.7228762184565565,0.2235464663992648,False
-0.9840847429184829,0.7130431616790354,True
-0.5742836700698821,0.22894878196133206,False
0.27287155533190655,-0.2992318706397237,False
0.7845322129523478,-0.9952830174836,False
0.795154142987686,0.6847961559733333,True
0.5551410733014168,-0.6766637076793234,False
0.6664894571091049,-0.5576715135585792,True
-0.6597721117031916,-0.9580731134091507,False
0.36855220493559004,-0.17429683474919155,False
-0.5305174101121148,-0.8125373709366859,False
0.7718663415861315,0.9615277891290424,True
0.9814928925807691,-0.33046470708809106,False
0.5617685066642895,0.0174276288317321,True
0.6269062759456372,0.5919333669425133,True
0.36868761709251574,0.20535453812704696,False
-0.437343795689068,0.07843869716376983,True
-0.9239860621331726,0.6898332924710606,True
-0.716045151967333,0.3820313975032408,False
-0.8904671535860023,-0.5786198357574408,False
0.9425299833924061,-0.33347835813753735,True
0.7079291852876877,-0.3372428163733805,True
-0.4130484094725113,0.4592495744376075,True
0.1660348286701887,-0.015888047443581632,False
0.8193618142865451,0.5627000220835743,True
-0.961995279237309,0.31380399430317096,True
-0.7783635688016104,0.4209518337169815,False
-0.8011794472890508,0.562485335415301,False
-0.7158926168645516,-0.8947201975216885,False
-0.0019454433299694873,-0.7981670929619904,False
-0.24905916319983623,0.8343968046317927,True
0.8508024715164326,0.5129480785578104,True
0.7442074928996201,-0.9613329319919903,True
0.02244537736289587,-0.6036923075843539,False
-0.26040097876175805,-0.9789847304429271,True
-0.8741274454315875,-0.6523462370074016,False
-0.7723601879923929,0.5603072437403871,False
-0.5999054161419,0.03176353142666666,False
0.4585096057568414,-0.18473084927205696,False
-0.3889686688472893,0.777291128455833,True
-0.2131156233887741,-0.8768206568641963,True
0.6029129612236979,0.8626877755639553,True
-0.04931997801747845,-0.03898878346748269,True
-0.06210167677169576,-0.032668234221898684,True
0.4783474230186071,0.15005262198063218,True
-0.7670219529215725,-0.023208032108882115,False
-0.5067607536740266,-0.32696579231230727,False
0.5980983239934852,0.9924442894843146,True
-0.21452139220984656,-0.4786406827040446,True
0.502686947201292,-0.04016332427229452,False
0.059461407642095176,-0.1712452410889933,False
0.7692129069431175,-0.5689784016748118,True
0.4648935275899091,-0.7457352661081968,False
0.7283137313170329,0.8716464482001209,True
0.953087003427258,0.6908450243730306,True
0.22898160108202115,0.36511472043435855,False
-0.244817858843682,-0.8219566671056524,True
0.035103083496334175,-0.4317174564417461,False
0.6183545092986618,-0.21579734333343126,True
-0.9047489938793374,-0.7761722715179868,False
-0.16643428097074375,0.15515724251601903,True
-0.526338757543179,0.569556544965848,True
0.40973380327017583,0.2066965867192696,False
-0.44902600662030734,-0.40472746677617444,False
-0.7287957267715126,0.6552814235712103,False
-0.3421322637988511,-0.7618493184970003,True
0.9193290802431049,0.3485199274520041,True
0.2528554064684285,0.04131133515561136,False
0.861269752554769,-0.4666160770146399,True
0.4692707495248052,0.5032755558726647,True
-0.9860075791852576,0.7389505476672911,True
-0.3745065215196226,0.46605669348487533,True
0.043793505618886064,-0.20231883065266598,False
-0.9669568025550146,-0.9273291498428167,False
0.2756090754117524,0.1793986313793292,False
-0.15635237347389164,-0.19869563119179845,True
-0.14017307393527734,0.28566129313441224,True
0.044176185605893536,0.9840445600321979,True
0.49630826233474834,-0.00453211640910256,False
-0.11247156014646098,-0.6847069791132865,False
0.2794572759208209,-0.07562610176859774,False
-0.6959048506986725,-0.16149501042243797,False
-0.6364824864811283,-0.9913969948166423,False
0.9045549156728707,0.34289259119339466,True
0.8562096718564589,-0.4443854613654583,True
-0.6143885027020926,0.22741753089252303,False
-0.9954379566712328,-0.08190520243959343,False
0.7741797676008624,-0.8707098359924086,True
-0.6773580596864317,0.8981415128365393,True
-0.2760387805706159,0.6276867989645809,True
0.5794847138412234,-0.538662820543456,False
0.047339250299681224,0.07462231826003296,False
-0.29862432642860526,-0.24623755960937221,True
0.9334647777887803,-0.8179247716261415,False
0.5660229472447273,0.7717026086930392,True
-0.07012921430439212,-0.4446578614289429,False
0.8652724218109542,-0.7402552079575229,True
-0.5689439831336398,-0.926807012806202,False
0.47386237154511357,0.13147160500823474,False
0.35667072788452026,-0.2757356732642484,False
-0.4327650894918291,0.7635627722650664,True
0.7022584570075616,0.2754975878940962,True
-0.8021367519876095,-0.34581848902439716,False
0.3446722966089759,0.5035481367503087,False
-0.1715458123941691,0.6775613775199796,True
0.2981989317066307,0.4226971121340122,False
0.5221429585164137,0.05394661654597099,True
0.1820292915203774,-0.5579008563312542,False
-0.4577782225202873,-0.7247081589731244,False
0.20711029602271847,0.8358904068881023,False
0.41726331255367954,0.6286640706640321,True
0.7431610077249269,0.2376781152106655,True
-0.0892996484591626,0.39512021905195605,True
0.049354465683080884,0.12347601273713726,False
-0.19095869557080714,-0.4861914640758005,True
0.3228117203135923,0.1463580510775082,False
0.017865505500486156,0.6699476530649231,True
0.861902119518928,-0.7486614967645044,True
0.7303324013556562,0.463591573199738,True
0.4862588751675403,-0.4925219414044608,False
-0.301002237963935,0.4125320471367997,True
0.5985662807499108,0.9906800809626914,True
-0.12798484329773774,0.774441052997805,True
0.14387589938570744,0.8675376142195359,True
-0.22964321836468282,-0.3616205057191637,True
0.55815557829671,0.4162232999339055,True
-0.438899262889171,-0.43810620032062486,False
0.31464498603281177,-0.8799825835458854,False
-0.3235632225923679,-0.9791698201087835,False
-0.661803408592682,-0.8635701739861312,False
-0.6918695350784172,-0.9162415151688583,False
-0.3831512997661004,0.13391192326830725,True
-0.5365427712250836,0.5211820956205957,True
-0.4180799484252373,0.4157014209507839,True
0.5048718505142171,-0.8602129015721098,False
-0.5968333227908573,0.36348469929986793,False
0.6984562898475548,0.2754150475890438,True
-0.9967534099897171,-0.11860816142179265,False
-0.003464373383767594,-0.5169902249974914,False
0.3053158514508665,0.8749844055792022,False
-0.33871651587227003,-0.40703117389275323,True
0.029669733707588186,-0.13803059004324525,False
-0.2285013791623407,-0.5553259566223718,True
0.997540218940205,-0.4448985534975345,False
-0.4852633307535723,0.371638843774321,True
-0.9139228899717315,0.22139384498407177,False
0.7336597634275961,-0.4864615686803837,True
0.30234608692962106,-0.886926277874825,False
-0.7487019821550833,0.47045050820714374,False
0.014936867345709759,0.22400198971412655,True
-0.5032658337079023,-0.05113963972530855,False
0.5576591258354167,0.2692463943977903,True
0.5341013577220113,-0.8347616488171348,False
-0.6777681658875085,-0.01590225807229273,False
-0.03582758658923191,0.7146598075184858,True
0.4031210409175927,-0.07970872627473735,False
0.6458898796005146,0.16882677878512076,True
0.5561547991358611,0.741284091557858,True
0.3722776025670962,0.6098164262449275,False
-0.27926318188975285,0.464487761864671,True
0.4197794115746034,-0.4978697283592417,False
0.7734619491850507,0.2833550004890242,True
0.08334715863482045,-0.10245492733096984,False
-0.417051726215137,-0.9955726643807772,False
-0.19308239727022958,-0.8987098032533691,True
-0.2934266597273756,-0.9712623593830139,False
-0.7493426427941887,-0.9393742071661442,False
0.23898987715052944,-0.4723515521694428,False
-0.685394345881313,-0.16828135359541263,False
-0.3263170364779069,0.7902156779703919,True
-0.6177398080355152,-0.8052485868240251,False
0.759322915851814,0.4452682828750436,True
0.32746909532294666,-0.4212568377346093,False
0.9596774452137,0.3601719398464731,True
-0.710667092064718,0.06691923503208641,False
0.9324231917592436,0.0015970629069583797,True
0.011651918795526406,0.8088285385008922,True
-0.035390492941382634,-0.607402033982549,False
-0.2379439838513171,0.8382574781720926,True
0.4483412731674077,-0.7053622858364701,False
0.5339430819309507,-0.19063104895527094,True
-0.3120649288896824,-0.12799748908973774,True
0.5377441302381865,-0.2286579801841786,True
0.7559784106845655,0.6332603999706745,True
-0.18659449185404964,0.9577550505946704,True
0.2685311523378431,-0.6331908137116788,False
0.7037730593119693,0.7500796241794394,True
-0.21882278690994328,-0.34317867297148985,True
0.7092794981355164,-0.02371427847048757,True
0.25037254252936036,0.8979100653531991,False
0.7576932840551291,-0.6174124602802993,True
-0.036766244082581556,0.6769376256000859,True
0.8404476781966856,-0.3635123876281463,True
0.5708735507002578,-0.022818012713673008,True
-0.1766600445869575,0.034326570710683235,True
-0.3319871470423821,0.5008701303895893,True
0.6047766129900303,-0.09259033110502601,True
0.9977353769377642,0.052935844130786336,True
0.571132491085732,-0.1519137129769803,True
-0.7668883082416655,0.9567478353818044,False
0.2018878475497552,0.9447748243511476,False
-0.17831781820056536,0.5970182951772023,True
-0.9929423104789925,-0.3921781497620902,False
-0.9469672167420808,-0.3211173372052871,False
0.92797276845352,0.6762935723297467,True
0.4442373133415969,-0.5041474949842513,False
0.785039565544279,0.8217564617705457,True
0.8548394537612996,0.3539047393609154,True
0.31240959204187746,0.11824337716975108,False
-0.6838088095476336,-0.7048918891036453,False
0.15658331511011703,0.4491590323550638,False
-0.8938333749921346,-0.9275965113235283,False
-0.6793865646957855,-0.932770415139687,False
-0.9524065242847974,-0.036203572199353884,False
0.33571285546121965,0.5666515818539479,False
-0.018890112848708007,-0.14104392440817537,False
-0.22745954296342186,-0.8180012767683451,True
-0.49693138815792515,-0.43595699860515236,False
0.813019584597169,-0.4119167940328017,True
0.49198515733023385,-0.7292553989019597,False
-0.14145782510825877,0.5987503462736277,True
0.2861080042606219,-0.06392784323400491,False
-0.17341865130326006,0.20156585150145334,True
0.5565999780497803,0.9774141876183275,True
0.5759947203529798,-0.2983216029344853,True
-0.5403052354520597,0.14155177700770816,False
0.7836691415449817,0.8378065463716637,True
0.13280195805841122,0.3680072407607795,False
-0.03189074187104146,0.9828447595871179,True
0.4071155578146963,0.6172746463243037,True
-0.5337318175416561,0.47984012734673875,True
0.1847841914205468,-0.8273990038958963,False
-0.16709178101109567,-0.001276057169366851,True
-0.5063456982508436,0.5657948088317706,True
-0.9777590747092437,-0.3450871409479521,False
-0.7608573447295301,-0.534195842902595,False
-0.7473414810658188,0.05329556292815818,False
0.44663259392377563,-0.5944920392490463,False
-0.3300783399044034,-0.15550346578907437,True
0.7617939432385936,0.7734797057162337,True
0.4091022404693898,-0.4886934896598878,False
0.22346228240321508,-0.32144850843649464,False
0.5883294251455389,0.9097820345982308,True
-0.3011448983685814,-0.20536234457917724,True
-0.11131658951320755,0.583883761633355,True
0.10852118903214847,-0.07941021055802788,False
-0.0646843788522955,0.9602223898801832,True
0.6195294162954827,0.18385763059817162,True
0.4136243554666075,0.6785861004623626,True
-0.4195801420616143,-0.2608321042068149,True
0.16879410409424267,-0.9948320398991624,False
-0.07902938543091342,0.4922690488742645,True
-0.6134845010576677,-0.17615073948062454,False
0.77537955813479,0.44176743567019283,True
-0.01614459586793271,-0.7158083640593034,False
0.4579155977517031,-0.1523297000032331,False
-0.44503104105362734,0.4135772723277049,True
-0.08179927109835972,-0.8079556543192892,False
0.5189850790001183,-0.5856908250184831,False
0.672554297925851,-0.5379182991000049,True
0.49716099034464745,-0.7071221588079466,False
-0.2003321828154172,-0.945161849234621,True
-0.1573213185894493,0.19555615845746166,True
-0.7881833457352074,-0.5009089735842776,False
0.04528011885354677,0.23412642921309512,False
-0.8336942350203016,0.3921601854187484,False
0.7068502734566884,-0.6261186620396373,True
-0.44409392498492206,-0.19926748393089677,True
0.7586238790795701,-0.8659193023170717,True
0.3720976439346517,-0.13777224102506347,False
0.018117657773552898,0.9348698348821733,True
0.49799564888602776,-0.6567126639081615,False
-0.838124364274812,-0.24458403002758677,False
0.16398744347836924,-0.3355338816662008,False
-0.8937581677778359,-0.43662249576645573,False
-0.8088979009166655,0.335885675938693,False
0.5900653624866801,-0.44675850419021335,True
0.36897934339910443,0.7399754366037987,True
0.8731736212429433,-0.2743919252143807,True
-0.6678478006168593,0.9595617480556722,True
0.2637796066766691,-0.1509417725535973,False
0.30230270500639267,-0.7968010291732373,False
-0.040203056347836164,0.5065145522570629,True
0.8251049188906625,-0.25497080617161805,True
0.5487680646933102,-0.24914541264953916,True
-0.40024912734020446,0.34996532888102627,True
-0.6840243106313568,-0.09944344040736341,False
-0.7494868994355244,-0.03284958932742188,False
-0.35630897113858917,-0.2156600409542775,True
-0.34270135879448804,0.7112514876815441,True
0.7725217992781841,-0.3931579022646261,True
0.9754937713223699,0.6806852485511192,True
-0.6205107152512046,-0.5999391747017693,False
-0.8741230773123712,0.594983991880637,False
-0.7711852787489502,-0.41715571100108395,False
-0.7701939395381916,-0.7755273964862268,False
0.841437733472888,0.5674164521918243,True
-0.19916323743066822,-0.937688386942729,True
0.44552446734836737,0.19065314725357285,False
-0.34856369770825557,-0.8683635761734341,False
0.7833342062444313,-0.3253110393262255,True
-0.19751886580224687,-0.2596642451350435,True
0.06558444579233513,-0.023538400527759462,False
-0.8664703455914522,-0.8722361449546663,False
0.5248134465671412,0.2539506992030345,True
-0.2982601600436363,-0.5401794064891801,True
-0.5330697396252433,-0.5591474569916051,False
-0.4497290985020943,-0.1382185370355431,True
0.7736713522987082,0.4568839522583772,True
-0.5647500186019814,0.5542874832068283,True
-0.9068427024006207,-0.6323893359945643,False
0.9520909327704854,0.7138328087426484,True
-0.013630221316713431,-0.22744166881042105,False
0.582972705463918,-0.3912255035363359,True
-0.352019121929221,0.6522649640739029,True
-0.19926702492265558,0.20633358130917157,True
-0.12461643046030635,-0.22204610629039734,True
0.96937306700168,-0.6803941662223891,False
-0.6523630456957044,-0.8760215800119215,False
-0.01079366588635211,-0.9901499099310596,False
0.16764360091625208,-0.5125572649681489,False
0.08693623462028932,-0.1106279873737741,False
-0.7532196960959137,0.6397864800974007,False
0.04973022626758139,-0.020699224731202337,False
0.8041611261734025,0.28719781872812966,True
-0.6660460119907432,-0.6762627355977493,False
-0.6712329586833718,-0.7617091047300923,False
0.39134200590562007,-0.36152069037304235,False
0.8565963902367137,0.95932615531929,True
0.9161593905948313,0.6420817903897955,True
0.5205391444194101,-0.2701555479851485,False
0.48735243383112636,0.5256123319104573,True
0.9694610913113308,0.7769973649445534,True
0.9550872434818012,-0.3351084036787628,False
-0.24127892108879756,0.030702755421573524,True
0.7941289814789199,-0.3725256559862842,True
-0.6872374846551264,-0.9449258638811175,False
-0.07093142512759831,-0.8331849416730968,False
0.6640491612196351,-0.8838669053985386,False
-0.8385549155362793,-0.35650042348361666,False
0.22173128544017984,0.791947894827078,False
0.9265987550475618,-0.7878998519003266,False
0.4786118777488091,0.42882085396639824,True
-0.010577327515733703,-0.7396885511158768,False
-0.5177313755172797,-0.37592039421919,False
-0.19878142663451648,-0.1693018842831704,True
0.5500153662264653,-0.8327183655048942,False
-0.8589357449504251,0.20785172129425789,False
-0.45564059698707937,-0.061229923092250615,True
-0.21604504104985356,-0.6610858258566887,True
0.3493849373244349,-0.8028708707913708,False
-0.9403191313058799,-0.5540603110689197,False
-0.36420957563840184,-0.3278469931109105,True
-0.2029674638671628,0.5574674110757476,True
-0.17576355535302635,0.018807573143972967,True
-0.282872381106299,0.17233041189251197,True
0.8815148562282922,0.6275742414547996,True
0.47356443712859697,-0.16857915781722888,False
0.8558443459959932,0.9769120609645858,True
-0.042511715041210874,0.5488051978626658,True
-0.2268144303182602,-0.4159786749251102,True
-0.9316580425037089,0.6807425088584385,True
-0.1464686610694499,0.5787219217178399,True
-0.24943479913886146,0.7408143474394941,True
0.038999974590236075,0.4733882068091102,True
0.7072373378593972,-0.07135179536723424,True
0.7073862570215634,0.6343298813604459,True
-0.8939477356652257,-0.5713210966989024,False
0.6367424623610565,-0.6889518072853191,True
0.8031368448482596,0.418052077380898,True
-0.8765668256462951,0.9677263110906826,True
0.823309394938053,0.7088055037517003,True
0.10856780552032874,-0.14031515067273537,False
0.8692280586157521,0.8427398374793793,True
0.09313086624130618,-0.4653105312565764,False
0.7575772098755629,-0.8621687916239007,True
0.16660571250270295,-0.14644735963176747,False
0.7260206831443885,-0.945137995003366,True
0.5129288572315733,-0.9803459506885965,False
0.16519700284472716,0.6632915546297635,False
-0.687965742036662,0.6380715527457486,False
0.5793130351148865,0.06283889344317051,True
0.04548244299883275,0.5056240679328219,True
0.3829913710497952,-0.20273031466441238,False
0.37353706109343454,-0.7365037079249805,False
-0.8692742266328597,-0.8145237115285366,False
0.5575756033057515,-0.25299990949362594,True
0.593776415402496,0.58158829762383,True
0.17189553658476142,0.29032297847584787,False
0.7190894374834544,0.39020390304917796,True
0.350807218165744,-0.4604458596519465,False
0.852282442430516,-0.68085753769188,True
0.283425872590253,0.8541905305268196,False
-0.37724616757112317,0.001992298273544968,True
-0.24865740097883227,0.4304196970972922,True
0.6362759709729664,-0.7145019517997491,True
0.48562162868251413,0.6282885161199103,True
-0.8792896874473186,0.8422639023275404,True
-0.8402259184914462,-0.7853651839830611,False
0.2939701557426655,-0.5904972994082456,False
-0.8164977895377812,0.21953412004036377,False
-0.5375119300973534,0.1045903692884722,False
-0.3598379173571449,0.3650675491852675,True
0.9991176840287461,-0.112027251216126,False
-0.307598024437749,0.2311943723792902,True
0.6778265091821927,-0.32334794491920715,True
0.3614735820812587,-0.9326918948248597,False
-0.4208283471116243,-0.3553643601739922,True
-0.7474250650974721,0.41146739064982807,False
0.6432166889766393,-0.004713364060440872,True
-0.13429556656282138,-0.3909450306802953,True
0.17888442907748825,-0.5198064633695076,False
-0.35910437589880195,0.4992709429174831,True
0.8816502082565116,0.3017168989152961,True
0.1104074362882872,-0.7728903356821413,False
-0.9215906369265474,-0.9944794866716167,False
-0.6163458341983963,0.2608907383774477,False
-0.1996527171489415,-0.49695749460929584,True
-0.007669558344592486,-0.4994115728055246,False
0.992060402009274,0.21305610584160473,True
0.021784206545980345,0.6413524131699164,True
0.508842335002621,-0.6290307572666687,False
0.007186162378069794,-0.6192359747555034,False
-0.6997289178815782,0.28442123359137117,False
-0.03147011949476464,0.5967471669556628,True
0.8040240824289644,0.05886525560195088,True
-0.3223303993094173,0.8184122838822268,True
-0.6442116552513055,0.35631196241832286,False
-0.8359169054646076,0.37260786987910155,False
-0.005638993317370389,0.6501545517601828,True
0.8687745911380826,0.5429408527967903,True
-0.09945122723904642,0.8680102277301567,True
-0.504799181441423,-0.17546544035100053,False
-0.9057796668955449,0.9656197196658505,True
0.5795547374979899,-0.787089999440463,False
0.4155026140092817,-0.16000814790656892,False
0.08730878876176451,-0.1465386925284029,False
-0.9734261469137286,0.8753269335173266,True
0.13126730504935957,0.49488043839931883,False
0.9159758931582425,-0.9997186216465244,False
-0.8328946404416018,0.9720372476495915,True
-0.7520321294364465,-0.06296574340618033,False
0.4889720488637721,-0.07402755133924543,False
0.08544098667281719,-0.12034506455152227,False
-0.6015594459065876,0.6287618012422409,True
-0.7650552124152445,0.933663897931069,False
-0.6287510414358826,-0.3217573332022523,False
0.02196818069312778,-0.9894896957976453,False
-0.7985961400294064,0.9787520008051225,True
0.11205067132059088,0.22581233987348925,False
-0.7715118243658761,0.5061386881921492,False
-0.37566650263535983,0.5172015773645557,True
0.5793986851093686,-0.1114417033235553,True
-0.7513441680453148,-0.23201399185852334,False
-0.6026588599900995,-0.2646908704778379,False
0.3685437237536249,-0.31607430112532997,False
-0.44842931001318975,0.33555519020711455,True
0.1625729091051349,-0.07268733789323578,False
0.17546462390750373,0.20819164924839573,False
-0.37820042307716206,0.08700035733859268,True
-0.9888453559648931,-0.8118648199208454,False
0.8046198277231764,0.39217526829671345,True
-0.13769232241970308,-0.7945364577187115,False
-0.052705263340953046,-0.29949499200381813,True
0.26200267392933907,-0.029251709123851333,False
-0.498629361961201,-0.7284570913904855,False
-0.787045773395951,-0.19252242629693517,False
0.3180596061097123,0.48981914528551584,False
0.7108185333612203,0.10076359780640343,True
-0.08272694295885641,0.014713932826520892,True
-0.37628054148127754,0.4004726832219614,True
-0.18049540473130077,0.7054497367837498,True
0.556187084795676,0.631611948685936,True
0.4462955901574601,0.5866728340257406,True
0.18474514283067855,0.2767893077707373,False
0.23543956558887658,-0.052109383962960276,False
0.5939421185849776,0.8612405665536713,True
0.05320997370241498,-0.958030763140838,False
-0.8900936079005364,-0.20355992041473225,False
0.9895423986064522,-0.24173483585296252,False
0.3333188636764608,0.8509073170320991,False
-0.753363144282942,0.0061527179531097875,False
0.37286318550933606,0.5040284258313983,False
-0.6526090412607986,-0.4802804671328873,False
-0.4575504980598448,-0.1604322838667236,True
-0.9770885683272732,-0.2354101528298307,False
0.05930791504865751,-0.5868829809899394,False
0.603718193362512,-0.37195337221998326,True
-0.14490416149954122,0.23330272983185862,True
0.8541290672672235,-0.9605515998430201,False
-0.8540109650858996,0.1670297016719562,False
0.934917137903482,0.33169395646950606,True
-0.2060788884178424,-0.8508966152062831,True
0.48367540812909793,0.466775493877164,True
0.9163678447590096,-0.6169983709783797,False
0.0055965377458855325,0.3920365297551389,True
0.9387023635893896,-0.6218251151885974,False
0.5795026388250557,-0.7093580841322331,False
0.9415219129487631,0.938714257489961,True
-0.881420878439791,0.5839305852778576,False
0.6126425993889306,0.5929845530886635,True
-0.8426431873881091,-0.5849734961556219,False
-0.5423753503160533,-0.2184791909111703,False
-0.832550753877096,-0.17922890174177275,False
-0.49015395048022903,-0.8062371900156158,False
-0.38310494487578595,0.4056179301324969,True
-0.8666835260013925,-0.25425539266582886,False
-0.5271430308133451,-0.37299625841174877,False
-0.40834002791869284,0.021007286145078075,True
0.5955899590903841,0.0456597353228001,True
-0.011700882089808129,0.21542136224379638,True
0.9723274476362014,-0.794949116450242,False
-0.43615449461913225,0.8922703804485561,True
-0.03305353130605182,-0.12806957722725576,True
-0.3066576376008705,0.20063000863782032,True
-0.8391006544442863,-0.26016338413203544,False
-0.15273625882583453,-0.7661786744121664,True
0.534272326273548,0.9661444749800165,True
-0.09122065197957152,0.6905381800884007,True
0.11435338400866302,0.19272662587240297,False
-0.15044003867934674,-0.17159369191350193,True
-0.590587684506586,0.2784693715833697,False
-0.8022028931289893,0.8984187710387874,False
-0.6529491779411489,0.1167970662606721,False
0.9514878265638484,0.13053662142187883,True
-0.718053107811033,0.4254132319311019,False
-0.4851838325123967,-0.30322222343908867,False
-0.9983797841414044,-0.7156052693692463,False
0.3431046522869243,-0.6020734753322823,False
-0.9487058409863087,0.767905329396738,True
-0.3096605224512885,0.06041578456412511,True
0.7651998815134404,0.3808578593166463,True
0.9850498362374678,0.10970014606328182,True
0.575493013785944,-0.09542560497563612,True
-0.231595841590033,0.5712975187413234,True
-0.00015348137504367365,0.6246104257212421,True
-0.4130790023008504,-0.25512272731297614,True
0.7626851845763967,0.7271231710667592,True
-0.28444851129399984,0.1589431833767705,True
0.7792237155444173,0.1859074927793345,True
0.3850324118749566,0.5252060491675128,False
-0.0892547813652016,0.5255159621186798,True
0.5183219616177166,-0.2440011734007994,False
-0.4479937462159942,0.6019557137970104,True
0.8765471336786674,-0.04352274100760711,True
-0.6065472637630236,0.6181178169353141,False
0.7391749266426493,0.4579389316448905,True
-0.21634981023755873,0.445321270490562,True
0.4081719474353367,-0.6657562103548238,False
0.1812399309300352,-0.8139157448990852,False
0.16663464238140047,-0.881186358615065,False
-0.8038286399984982,0.9758866222926998,True
-0.7887604418882319,-0.43104965999514144,False
-0.4158235295895183,-0.6059341428214648,False
0.044238515914956755,-0.9405452133430059,False
0.6841315523174003,-0.9073304372431279,True
0.47225497742246847,0.10124326357997782,False
0.11884050973534155,0.6991749122443922,True
0.4158840340617449,-0.8250552148846864,False
0.9302694501893927,-0.0024839798746219,True
-0.1767245788154017,-0.3663279388040743,True
-0.7868435510325467,0.635616736519647,False
-0.28919726965678594,0.6985348143043042,True
0.7437166615318742,-0.16415478438239073,True
-0.11659689277683016,0.5601766208841708,True
-0.05415319288402376,0.4745734610951875,True
-0.9598404985259275,0.2646416195208001,True
0.30576665058250496,0.6661354086087599,False
-0.4703973251382374,-0.9050288664525954,False
-0.07522717611245455,-0.5861213820505482,False
0.3999701782090843,-0.8307220892955021,False
0.3512309085022993,-0.9810708132345056,False
0.7702208890819873,0.901299927314726,True
-0.08764010095182062,-0.23735389395705275,True
-0.9191649139841671,0.8132229056275362,True
0.780056003342664,-0.0024244019020114305,True
-0.567432948355157,0.7289379760007957,True
-0.6512807230926991,0.14245313215939537,False
-0.01240274591873014,-0.41406768805935057,False
-0.8793397282383291,0.8765623987608886,True
0.6830969143014829,0.8352998514142937,True
0.7081582148627428,0.9242742357561378,True
-0.5570053755926094,0.7923734330720951,True
-0.5258188472633767,-0.5425920404147335,False
0.07453976623949665,0.4954639462334922,True
0.3995970408535994,-0.3952253138608792,False
-0.5178299658302787,0.9771983431400098,True
-0.1858742762940906,-0.5227697996685718,True
0.71518256000689,0.30050289192606816,True
0.5318445156875469,0.1394532687388932,True
-0.0008500480040449787,-0.8435100171629226,False
0.390608151572422,-0.8254969182530254,False
0.21157431708290564,0.885676816582232,False
0.7936172366730403,0.26184504042525947,True
0.4828039761753118,0.5201364938994661,True
-0.06509353767715731,-0.5821810512562753,False
0.2695714262885198,-0.32361680162949313,False
0.5429658624025451,0.35074546807307416,True
-0.4607043666219075,-0.15206134014702077,True
0.9380998505051497,-0.42474749955952396,False
-0.14514114113177334,-0.5937209463879909,True
0.46094665030745197,0.7115482860824744,True
-0.552888692123009,-0.42942607005677447,False
0.5293546571554459,-0.7074165116160249,False
-0.0455664898611603,0.9939742031149359,True
-0.6635724662232079,-0.7554297614861221,False
-0.10919203883450712,0.014948628594132263,True
-0.9491205098412092,-0.020869580778934083,False
0.3171865528171569,0.088944435248687,False
0.13299593906309481,-0.8070065980787973,False
0.4801555614316766,-0.6538149190408125,False
0.24876583658981155,-0.6809147737576424,False
-0.9039045445739617,-0.546507867069645,False
0.69711450650466,-0.37059362315595146,True
0.7680594684633777,0.9403642877053222,True
-0.28991180740488476,-0.1972112269360642,True
-0.2778753165168213,0.47414917384222677,True
0.8317951501612868,0.2244404792664938,True
0.19855445287091933,0.0440221391727198,False
0.6690511273867725,-0.6606026061933297,True
0.6414082126899887,-0.5391065046300241,True
0.06391222703244281,0.9868911997986922,True
-0.34592563827267764,-0.9841936380529002,False
0.8716884791434665,0.22059137002978857,True
-0.41968519539580385,-0.9478130439794898,False
0.8469268406648613,-0.39389565575959895,True
-0.48086259678777643,-0.5415029969498724,False
-0.5647192126227516,0.90531493693778,True
0.8285225304181398,0.4174592005557063,True
-0.17544283506597824,-0.3987444513829317,True
-0.35721226818228446,0.5862944400097698,True
-0.07192718783531626,0.6115641893023311,True
-0.21820253895856356,-0.25058365463252974,True
0.8535334889895656,-0.9670735179774683,False
0.9050593299773741,-0.19380534459375465,True
-0.9130556371388987,0.31109793286459086,False
0.003906860327850703,0.568784150504307,True
-0.20559971549044276,0.6723895876517911,True
-0.3466952404410253,0.016341791578798892,True
0.8041563619989691,0.5912184688629885,True
0.3360718947080348,0.8788895222384443,True
0.5315571069502929,0.4882121545031204,True
-0.47432208308228563,-0.0025928774942485244,True
-0.09280861895470949,-0.38134654040011706,True
0.4042928445753622,0.6040858535579245,True
0.6430933941170307,0.07345393711854498,True
0.03889230386807374,0.8281697512659292,True
-0.8001266041517474,0.30123510954171584,False
-0.7230528850047377,0.033666081569536876,False
-0.8540143896802734,-0.24358601252890622,False
0.651586758992938,-0.5178958004889032,True
0.8629389740046911,-0.3338316143789497,True
0.18642521668386114,0.8608614645640553,False
-0.5280244236102762,0.13829459403324806,False
0.2526340621740377,0.5814159202661031,False
0.6696892218729591,0.8697772308047953,True
0.8474827303154089,-0.4963919140245079,True
-0.05649148607071308,-0.5181967532640077,False
0.03285441137858425,-0.08390499135292506,False
-0.08911106702996863,0.27075518047628777,True
-0.8426577305479386,0.9394870679583991,True
-0.9381006751472523,-0.4644710710628992,False
0.09468725524416155,0.9969668603654278,True
0.802084109578866,0.77988699081464,True
-0.9341735873043537,-0.013141986775159875,False
0.05177822100526286,0.27859585396269826,False
0.6719951814742737,-0.2995326626924819,True
0.09598538503732068,0.5949452513810041,True
-0.3390780170154053,0.07886100191113443,True
0.5996844404648682,-0.282893798932617,True
-0.9498879117797632,-0.4389981931368847,False
0.5025256044067576,-0.3382125494144059,False
-0.06668006350852695,0.10192202456203892,True
-0.8782889082874985,-0.5629578732657319,False
-0.1863309085721483,0.7012292836504785,True
0.8993315982167953,-0.13013405180246496,True
0.5548675027701124,0.42379860785656764,True
-0.9935797976413931,-0.9366744843724768,False
0.5750946068887803,0.3824037434397338,True
0.4204685884106505,0.4779775750481876,False
-0.08065371013614198,0.6961950482839117,True
-0.5824160309412825,-0.296060852576177,False
0.795215997515125,0.23793557376208474,True
0.15181558029530318,0.4903170206799856,False
0.050169619493483975,0.4841128412867155,True
0.667987286214234,-0.8858006356443848,False
-0.1279426116404283,-0.3023040215301187,True
0.2732939298894492,0.4033440177112282,False
0.7697926565683739,0.5679986371240306,True
0.6172599973695747,-0.2914617848797494,True
0.2989229521274195,-0.6099134871881338,False
-0.33346433021007904,0.8988269865496727,True
0.3536264319436273,-0.33739676644970373,False
0.07979588833533935,-0.03208331465666103,False
0.7750639148258387,-0.7706115538401428,True
-0.1703837635545049,-0.34551321260767587,True
0.6538875841038068,0.24650648817545662,True
-0.07921369633618425,0.7747471084065267,True
0.30010353380917265,-0.3804676976197887,False
-0.7456151864885856,0.975239922888397,False
-0.05741887819587865,0.7471013520322598,True
-0.7925626533722008,0.32261047450004443,False
-0.2905428064690505,0.9642306308593827,True
0.9326003315270486,-0.9244299726890799,False
-0.6114200259949203,0.10289793057046959,False
0.7347865820731014,0.46622584786802457,True
-0.4216428849381788,-0.3678844731049675,True
-0.24837043335074482,-0.8074200606964956,True
0.43270615278375435,0.6415309233869781,True
-0.559885805903229,0.9915237108404089,True
-0.3891811754724184,-0.3530014227546374,True
0.6108500144410527,0.7757579132024397,True
-0.7975052527477542,-0.7207622355671641,False
0.1661348878318898,0.889427392029472,True
-0.41635063240547754,0.4653341552517887,True
-0.3691699935413739,0.5769522841252945,True
-0.462648300023349,-0.541311815476446,False
0.6430185104394157,-0.7439459408254478,True
-0.31925626057321876,-0.7462969948885088,True
0.012203609541957983,0.7113580355182507,True
0.9185616680729354,0.9250750399644572,True
0.4165860605931566,0.1481176054928246,False
0.9319402006276956,-0.36465030372695284,True
0.7953816568810201,-0.09163620197828837,True
-0.042002441390714074,-0.05668555468156233,True
0.5371653398146392,0.8337849220652824,True
0.8322009368759358,0.5805804236097847,True
0.17334736446324484,-0.5468711097538945,False
0.3924990260241723,0.9252575540285046,True
0.3056045564652663,0.236005947037067,False
0.8403113886757088,-0.22048492727651037,True
0.3545809787733647,-0.4485249636081057,False
-0.6745450648199143,0.3145806665877666,False
0.3649780286563189,-0.1429041641887303,False
0.7105428821385504,-0.4224405432884597,True
-0.37834939036102666,0.5731409250131592,True
-0.23045609604064876,0.91640582357899,True
0.2350039525945835,-0.46628194284518165,False
-0.18354931555165632,-0.45975222608638844,True
-0.5285462179320763,0.4611449302826245,True
-0.8755832354686723,-0.2664729728417783,False
0.9990377008428244,-0.3763778825053754,False
0.5925260578716538,-0.7532736131138127,False
0.0451794607764755,0.09595980113713765,False
-0.6091731350482941,0.8968120220746336,True
-0.867231327485503,0.5836926154241331,False
0.7277064614724191,0.04792028461615816,True
-0.721835218091766,-0.3400647564586181,False
0.44581977155258623,-0.7493492575667966,False
-0.06980444265220864,0.6816335276172696,True
-0.8614232364121837,-0.9323350516381304,False
0.6350045123508656,-0.5996468716174559,True
-0.6384122181319465,-0.7562383874067475,False
0.29565248348031026,0.9438714451111951,False
0.49462321963920197,0.7330427017808403,True
-0.17209609920936297,0.7967445175757375,True
-0.8911738624270862,0.522389731034411,False
0.3096238104618947,-0.7058168961918148,False
0.9406439214240123,0.20844493894774074,True
-0.4691222241228912,0.4847534179972104,True
-0.24838781624306971,-0.2846922229378497,True
-0.7372077142041338,-0.8230732498625397,False
0.48788777550465,-0.5216502346618299,False
0.1117594414426124,0.9330401034209257,True
-0.924974851501356,-0.6409871780189214,False
-0.2373360122617183,0.2555937639652577,True
0.9331912756781671,-0.43305103512474385,False
0.5394382094129202,-0.3377306673186997,False
-0.774061175133594,0.6850081689051342,False
-0.3486045734287806,-0.7676181696498472,True
0.49965902254847117,-0.48310898833155624,False
-0.06413196589099135,0.1268060200736536,True
0.21894869354740543,0.7328427258736445,False
0.616309675170492,-0.9306875722308912,False
-0.7334677976147124,0.9639340152520488,False
0.2695585723578291,0.6576470315003484,False
-0.4195593542797702,0.02838512698828488,True
-0.8286627947824468,0.08768273519453884,False
-0.8177750802053918,-0.56476794651376,False
0.7406266103844188,0.3640917862978008,True
-0.9949035580703609,0.9233615263154318,True
0.07020279760095027,-0.5542216331602647,False
0.2666922061387751,0.3729596340319612,False
0.8075759233411601,-0.4651289743228584,True
-0.7198004344062765,0.10218895326351762,False
-0.44143056735572483,-0.9467065003765323,False
0.90258122214085,-0.6140648605692223,False
0.7715867871653515,0.6383403102930172,True
0.6228677114681989,-0.18906432510987914,True
-0.34680852126202044,0.34981156839952576,True
0.5618153055521378,0.13565387377109772,True
-0.2850649700248622,-0.2490928972761557,True
0.485976502777127,0.11878863616535873,True
0.5426866895522193,-0.9271136665084161,False
-0.8730676713967551,0.09584806833268589,False
-0.06097671613692013,0.6033477116679582,True
-0.5876390351248286,0.7805719897045298,True
-0.6020180852719959,0.8402643505127638,True
0.25212138029532105,-0.6893070928632938,False
-0.5436835599729637,-0.41330377408612207,False
-0.596059428611194,-0.09020055833318041,False
-0.5536851522236441,-0.9242063450501148,False
0.8945694575417968,-0.5136012978830788,True
-0.40389415779232474,-0.5814305498735037,False
-0.7049597353456407,0.9065382759777736,False
-0.9530817181307027,0.4633229819600768,True
-0.9116009029367926,-0.07455403019209905,False
0.8516699882005652,0.7451264130698199,True
-0.10284518677458121,-0.7399630886524287,False
0.6712492381999213,0.9962797088994426,True
-0.8756311697706307,-0.4208855909930209,False
0.39425498438262374,0.17740846545604128,False
0.009506194149311975,-0.19130513835074803,False
0.13766198811526742,0.24523186873601466,False
-0.08108802336260679,0.25301398859245294,True
0.43808666952320463,0.45256585141418704,True
-0.1423937482408859,-0.21945090251605004,True
-0.5267537106837417,0.053799798423413536,False
0.46496284299573265,0.8241797257546208,True
0.18920346547174094,-0.7137853026241439,False
0.08641387315359061,-0.47608522709287926,False
-0.29637959386310264,-0.09996380311519815,True
0.8815876903140298,0.5240598510652463,True
-0.08997289617225968,0.6461767627892476,True
-0.8565215406691853,0.4812075273485794,False
-0.0027667354586118353,0.14060285502558112,True
0.9993930246591345,0.1450742414835997,True
-0.5059520053131905,0.9604680933852674,True
0.6070663568829457,0.664265880022475,True
-0.3489978612407447,-0.23969717667869705,True
-0.42463819762051713,-0.3382002026724287,True
-0.7074541783589845,-0.45758576375506266,False
-0.7779070179746221,0.026589261451503754,False
0.4957005347369081,-0.43204828869575795,False
0.16415640301662737,0.4105701698323627,False
0.25787416674103136,0.2021863692637884,False
0.2526377370915329,-0.11990243227582709,False
0.7165418921913544,0.3299921676702646,True
-0.41587833871378144,0.76985242255454,True
0.6067144779063471,0.5557949447023995,True
0.4455809842575096,-0.5389742138849127,False
0.8186548704946133,0.42169490640188667,True
-0.16658322008104642,0.393433162341672,True
0.21215351661877224,0.8530272296928034,False
0.038287383477547454,-0.45174997256245475,False
-0.5900683365429187,-0.19774443450644874,False
-0.6880120131860643,-0.7138176051306682,False
0.5988258583666832,-0.3467549749354282,True
0.05316814584450036,0.5638905235113543,True
0.5794431770272246,-0.4662980315813168,True
-0.2806332429803289,-0.6324937662033583,True
-0.886168541998047,0.6984761188274575,True
0.20282262055591582,-0.7433971441033356,False
0.732732838155056,0.5649847798014194,True
-0.42005811119766956,0.6098225478948027,True
0.7774725788771193,-0.45466101317245156,True
0.8126181300213093,0.20663533606473217,True
0.24632815975115885,-0.44745516643723504,False
-0.7794567442889346,0.7157101358383846,False
-0.32060422077859485,0.4276923041223921,True
-0.018493052081481,0.02048405080197835,True
-0.7373415532239487,-0.8907590425800846,False
0.505075728192947,0.1965362981738097,True
-0.7469662110956887,0.8382967758795865,False
0.08228833377132316,0.560906927370662,True
0.7605600525752001,-0.5237593436195036,True
0.161631642005597,-0.6271267079591687,False
-0.08779423292654798,0.1878852234895798,True
-0.3765951581255409,0.4868350765750866,True
0.9005871836908388,0.5661224963449059,True
-0.7559221661955873,-0.6116815430781986,False
0.5053125995665586,0.7376369808139571,True
-0.012471232457987647,0.8613436194167161,True
0.21368845492083732,0.2666284078862651,False
-0.7045729850979163,0.6316695802179388,False
-0.73000421901139,-0.6356574652360825,False
-0.9463727036859189,-0.9658087710088261,False
0.059270424398155885,0.15541161251566749,False
0.16591140982642316,-0.3060950526185038,False
0.3997671895427495,0.47813701741484116,False
-0.7596203306222586,0.7620213651449439,False
0.4521170709367839,-0.9277980986521126,False
-0.8026486022253427,-0.6420541000454654,False
0.034635658097279975,0.3457080445473646,True
-0.8156910601207281,-0.2661605921770578,False
-0.029083809573281494,0.20931986984807804,True
0.06124925470125153,0.44458318746346315,True
0.9020773672022686,-0.9037764435823654,False
-0.7393763872147809,-0.20481974375517176,False
0.9444384414027427,-0.7977658095581015,False
0.2362491460308085,-0.10305656247635597,False
-0.9847503565354172,0.708532719409795,True
-0.9652565202072945,-0.8364243326541914,False
0.6406596313989243,-0.622871158703354,True
0.8123613442638911,-0.7454315394504547,True
0.3823405970153888,0.7469863952401992,True
-0.4562144350863755,0.554877477296486,True
0.8918595104535769,-0.4192222077259864,True
0.30161845327055326,0.10484083029347802,False
-0.053622310590516475,-0.7090942707868662,False
0.26224835348429876,0.1918863892997691,False
-0.030712568717955024,0.9390245819442951,True
-0.5456661855624105,-0.08374432599742176,False
0.6347489158873518,-0.7522910286682822,False
-0.11455452502642816,0.15582243982772015,True
0.004158753631401169,-0.7682423454315515,False
0.5245995328747817,0.9538968710166413,True
0.576021146514333,-0.7037589578794681,False
0.0009479316907474722,-0.829938159645814,False
0.8233625151147774,0.5809057676735114,True
-0.8878268459469894,-0.16433920736925334,False
-0.14112130650678645,-0.42164653451362044,True
0.18817840616697645,-0.3550375561597301,False
0.20802964552993797,-0.3223777368047671,False
-0.5972499777887088,0.9081596513169821,True
0.1674257835419668,-0.36312057505423856,False
-0.4082505770353819,0.07020615924578744,True
0.10122396061949224,-0.44033050281635,False
0.9875705068893212,0.5983997814033155,True
0.677754106166524,0.882107954038547,True
-0.660041269262921,0.8191137251683942,False
-0.025547203338683433,0.5494829297230852,True
0.8561017844550367,0.14637240961073328,True
-0.7047900510203309,-0.9833212637149134,False
-0.12593968313011095,-0.7206502076581514,False
0.1057356435324619,-0.44773552013485585,False
0.08334591914809253,-0.08090743468732553,False
0.15885351519343827,-0.883367315382253,False
-0.8202673521694932,0.7709788360556205,False
-0.12842790314335395,0.9287149340628089,True
-0.7283022195198319,0.650484913017561,False
-0.19503350201271985,0.20067114011119114,True
-0.16444890686768598,-0.507300529795677,True
-0.3957095913755433,0.04913989953804099,True
0.7794672442207333,0.48848129298973597,True
0.7161485168024333,0.8372438885608888,True
-0.8993539485807287,-0.18598745060885036,False
-0.4321540484442665,-0.8267625616918794,False
-0.8443099388765898,0.14079783182002514,False
0.12315897882109916,-0.5720745590351843,False
-0.4758860441134243,0.06140325465194718,True
0.17234809470481416,-0.829921776952836,False
-0.7445994400055829,-0.6984967286670938,False
-0.0034036521328673075,-0.19532124193870337,False
0.5000416706274939,-0.18265862884137274,False
-0.8526239502326949,0.8033967083413989,True
-0.1598246346293275,0.7843841284651158,True
0.08931924917189793,0.46773197775924014,False
-0.6512228085053235,-0.9191702319402606,False
0.6053134757221572,0.14893919901459074,True
0.46611581728132134,0.19386929130330066,False
0.5780023313318281,-0.9413405491677291,False
0.6744298306076457,-0.2636401209160699,True
-0.8205902126002993,0.4271002965136006,False
0.512822967023177,-0.02428097874230639,True
0.5756303033603103,0.10674875626131453,True
-0.7259621684766671,-0.8097301077117824,False
0.5905410427145052,0.4551522221907247,True
-0.43909925583256393,-0.9305114243294659,False
0.7955389618176631,-0.02043589606910534,True
0.49992083194042425,-0.07475353159782316,False
0.5946918440156896,0.41336082796920204,True
0.6367974983266222,-0.3660244819719425,True
0.4833098982203574,0.6113764712602774,True
-0.5118850072978205,-0.848698949646945,False
0.6464271756988951,0.47868638721619994,True
0.8508135325704087,0.6211917971590524,True
0.9778859725944771,-0.20363602492272226,False
0.3430140648091715,-0.07947227661857181,False
-0.9443963998604021,0.8238367571900993,True
-0.4449672348895455,-0.6529567501459266,False
-0.6904211112782506,0.8998805113870043,False
0.8987463460646601,0.3945397898509486,True
-0.4946934023806615,0.28869450643399275,True
-0.41665871014647937,-0.12053623140597902,True
-0.9150996718237594,0.6787332075263786,True
-0.17716993188939711,0.3719741174531799,True
-0.43841342183349963,-0.5662280093004546,False
-0.02817022119670276,-0.5344910382589882,False
0.6145770508083306,-0.5695510684452583,True
-0.3075446969150837,0.43352543439311564,True
0.44746307877000757,0.4458767173036704,True
0.6642788125425134,-0.8139578809540213,True
-0.33605122236662566,-0.8689433436858707,False
0.25718503796588643,-0.38976104891129504,False
0.6586081778371016,-0.9237826847019281,False
0.8263673563685667,-0.9396081934185396,False
-0.45722574113574677,0.2561195365466262,True
0.9169043233674445,-0.2791530736844927,True
0.5844259727565297,0.4747419141979148,True
-0.2327462485112617,-0.4009498763893131,True
0.39677411904646376,-0.18937123751016238,False
-0.8974871664493518,0.5934899782103369,False
0.8251290542441514,0.5491027960524555,True
-0.6734373167998933,-0.08525721114944718,False
0.1451679277967759,-0.5109108237005262,False
0.33172682154938915,0.4525078827395812,False
0.34836562062914944,-0.782015999760467,False
0.7326653663171683,0.3296828673810164,True
0.8540948509535504,-0.37706635368216834,True
0.20141477420702092,-0.37450572199053633,False
-0.9701852821018364,0.2665967410772241,True
0.9053748263029531,0.11438368025580359,True
0.9313090940277469,0.7791448902424618,True
-0.6592596082508759,0.5499213477465852,False
0.21438231686878484,0.11441350887993518,False
0.2489790412814028,-0.04592885251228962,False
0.6221157935109065,-0.7030536168503339,False
-0.5576048250892605,0.09402213274736204,False
0.3125159802402706,0.4902212301714297,False
-0.765908840380418,-0.528367770487322,False
0.7058192775475021,0.8094384733747253,True
-0.846939227152024,0.051288920175117436,False
0.9399991208711045,-0.01075700738855323,True
0.8253584181771496,0.04921794353750775,True
-0.30026732307513515,0.5945335791209347,True
-0.45630252337091504,-0.23973115289545843,True
0.6306303063892646,-0.547430000036534,True
-0.16563526827456387,-0.21409441535479745,True
0.007456101572988372,0.30090039089201204,True
-0.8193624943144744,-0.05849268085141057,False
0.27795660032652325,0.4275256281083786,False
-0.343171304802633,0.9566567384793245,True
0.20497957964425573,0.4305060768922673,False
0.7968106118934775,-0.3443920291241138,True
0.4711001952999678,-0.8061210679555644,False
-0.7005142931849526,0.7996813192108048,False
0.9646393239871731,-0.8135998261012782,False
-0.25001687466817946,0.6294952451325144,True
-0.8484339280642919,0.4602635665906962,False
0.31055403852116203,0.7619386244699391,False
-0.4980567249727146,0.1875273436611109,True
0.7339307027259641,0.953796660615176,True
0.06860232247551101,0.702235722371525,True
-0.47177539945820235,0.815776470034778,True
0.21195336254673003,0.26775073403887983,False
-0.532036316750556,-0.6772722325427685,False
-0.9190053069490187,0.7261926655898352,True
0.8350393775417124,0.6841459990663792,True
0.23287604972220866,-0.5143736331007522,False
-0.814275666372601,-0.5384224027475062,False
0.9350000266099547,0.022274587284974334,True
0.37109936413731814,-0.05434985389456637,False
-0.3437099544183022,0.9068602813887028,True
-0.971471087714316,-0.16745125766328117,False
-0.5501596733147354,0.596592276117411,True
0.7863092491484365,-0.8023994030843942,True
-0.4157896555081806,0.25682331800512026,True
-0.4124115544656266,-0.17963514322148333,True
-0.6243065182432963,-0.9133127370090575,False
0.42689348534215177,0.5744675683680436,True
0.5977829241625616,-0.6651146324087529,False
-0.3392649279001161,-0.6434509742586421,True
0.01010629970996657,-0.9952968966756726,False
0.9124833750315944,0.19573285303138466,True
-0.5033018183905213,-0.8560806673453516,False
0.6915500273786819,0.0948555944132714,True
-0.2730840954493252,0.9243170333964819,True
0.7395941124807051,-0.6376915240475025,True
0.1329689178429594,0.43631127724888064,False
-0.5700394886955842,0.6180379281020612,True
0.4129556607929685,0.12035584468982985,False
0.6282543052548326,0.5079076189201266,True
-0.6484577783019942,-0.8354903176259711,False
0.9601528157053816,0.7906243659091514,True
-0.7658747413990215,-0.41822620357819096,False
-0.10642409435969369,-0.8803613385602711,False
-0.8947305100781349,-0.4303404827709245,False
0.9172066699572758,-0.4512620520697703,True
-0.5483812020281351,-0.9030814965847902,False
0.2687161032047978,-0.1359864707781595,False
0.17898444593169494,-0.29137734158929773,False
-0.9394607300712763,0.04696051394044343,False
0.9651700745833742,0.2640774201383427,True
-0.8534604546560605,-0.5638190650682027,False
0.5759666883021779,0.2539427521222084,True
0.9875340664976182,0.8989772805787393,True
-0.989994433697885,0.652641911948604,True
-0.9206464676924364,0.2505456840645799,False
0.3824659756532691,0.899895137956408,True
0.7587822808901641,-0.17352689561190426,True
0.8436282876005721,-0.0954052462132251,True
-0.43219167141794834,-0.5008950662242146,False
-0.6187071107404312,-0.3909271861775696,False
-0.8100953188571678,0.7875673776218977,False
-0.5407793350663053,-0.9191531828298456,False
-0.6223370471313772,0.33047328874302084,False
-0.9099614206494413,-0.8713379105336247,False
0.15869179769058817,-0.20600760247003924,False
0.12793586035046522,-0.7862596172215923,False
-0.3939544141721534,-0.7170514893677589,False
0.210598603606039,0.724909019195225,False
0.956136644686969,0.490939330517979,True
-0.37143794314246903,-0.20863056433392346,True
-0.21681236414887128,-0.4416974067044517,True
0.5317557155824804,0.34070118662585247,True
-0.13356325246731693,-0.955537499482586,False
0.4230907566387614,0.5896132875181421,True
-0.8434094773070837,0.3817091916144135,False
0.22093628857328973,0.1404045174183508,False
0.8426410553842101,-0.28015722809369126,True
0.5574439885076634,0.8962500987201019,True
0.6090072305229581,-0.2516260413131626,True
0.4013023365404209,0.44802130436549414,False
0.9157689872421217,-0.7670747486396277,False
0.7872892816724857,-0.9543245704459891,True
-0.8985041754526528,0.6114890880690573,True
0.8837690112109946,-0.27373814620862946,True
-0.7175540502504612,0.3109570631486487,False
-0.6776051934053413,0.10060331244903664,False
0.9938757709514041,0.9514258765314325,True
-0.8921195101162813,-0.598914233393558,False
-0.1514497900329479,-0.9931088723720363,False
0.6774403936758489,-0.39989718391884566,True
0.8491751212685466,0.04540775833844646,True
-0.6832971271544619,0.49116225930486146,False
-0.490341440035414,-0.09541336250172372,False
0.9463720029754188,0.592203661256747,True
-0.3220168378480317,-0.3760364763525761,True
0.873479459276836,-0.11755677978603996,True
-0.21746530859807023,0.2497093179791201,True
0.7187104100267203,0.38280462731076237,True
-0.5968121236110093,-0.9155296199803227,False
0.2600703885630835,-0.014702811000101956,False
0.5637170987035207,-0.8616190933807624,False
0.0003848633546510438,-0.4803076508183628,False
-0.6383409497840145,-0.44682142781567324,False
0.20160052255246308,-0.4869858133678766,False
-0.0029360271534890625,0.8037486337118169,True
-0.44171875809518046,-0.5700524975316381,False
0.025096532907774582,0.3863490279784729,True
0.23345176454931238,-0.25457658457966037,False
0.8078199502191079,-0.6315489126762848,True
-0.7252371209694513,-0.7005831690838615,False
-0.27574324697711927,-0.4749318545909387,True
0.553018471971062,0.1333486848378369,True
0.9003344356893093,0.4221781478136222,True
0.9606490511736836,0.7004452775921626,True
0.7238842863179742,0.7321339534742941,True
-0.7145623499617237,-0.21627757200732378,False
0.5727671137947543,0.9282196615598555,True
-0.8033236427250283,0.8093751180935993,False
0.09900622482044197,0.22463041504427617,False
0.9595737683412795,0.655339295977408,True
-0.9613254912623574,0.5925930572969931,True
0.4899363306021771,0.33698246346852123,True
0.5978164870668865,0.26562680436232466,True
-0.17755826248153928,-0.8847522647827177,True
-0.8903964447451351,0.18071699759033288,False
-0.27277204429820245,-0.36193446929968753,True
0.8351877452833913,0.6060180764550196,True
0.40259610909164434,-0.18700726352593455,False
-0.04419219088051762,0.16964778596643248,True
-0.21648279081145794,-0.7065780276740483,True
0.18316829643694144,0.4068855193649905,False
0.29307728390608623,-0.5290854752908429,False
-0.7935955428846031,-0.15492742824300043,False
0.8305530901016533,-0.6181739568586875,True
0.8635046412098495,0.6497888741577746,True
-0.02735193943068559,0.3158891147956755,True
-0.5413214191959148,0.04679750679644901,False
-0.9152499554943414,0.4059573270231438,False
0.5781974600044695,-0.5769041562044095,False
-0.794224558770779,0.4664539500701206,False
-0.6257764517412361,-0.7140086134327552,False
0.08491105421793144,0.5262879503405931,True
-0.28027585985325754,-0.8047743689968028,True
0.4094897663644792,-0.6697791921979517,False
-0.7087930276460379,0.7400117989267014,False
-0.4828720378915077,0.8554325716351976,True
-0.9785357837599691,0.6177592186930156,True
0.9697663369500966,-0.8215714214781296,False
0.08311132930994125,0.7575147416719481,True
0.9193592319175798,-0.46658768716200627,True
-0.6855882376196965,0.9731069202380542,True
0.027787481172121264,-0.494405548491087,False
0.15853058390607022,-0.8982596956033502,False
0.2149868695295103,0.8700421536751963,False
0.5041480508337433,-0.41755113193142157,False
0.6340601710003155,0.5657363742014214,True
0.6582951703633544,-0.7520350099691446,True
0.9419736555793843,0.1121509885291434,True
0.8009120124014111,0.6150407772237265,True
0.09706159452113683,-0.6457355005310663,False
0.08444582089576458,-0.05996971217205016,False
-0.5700865811545257,0.20021174254252538,False
0.4201775002918511,-0.2546314391216422,False
0.11047295265315316,-0.19623703042512863,False
0.8349672483050254,-0.5613418829310703,True
0.01982668663783005,0.3599389091594345,True
-0.2972096344963402,0.2831868991254918,True
-0.48443337014194965,0.38720061875076506,True
0.7284473296522589,0.7542629831770056,True
-0.9357946751459372,0.21420865208840456,False
-0.2941382091666005,-0.09729569860876985,True
-0.834328048193534,0.4024834850648411,False
-0.697253562194357,0.042738233618947685,False
-0.8310046186622082,0.22462370846367508,False
-0.6833945017796439,-0.08082955720446772,False
-0.7782443799870153,-0.9298697442770538,False
-0.6443786432296508,0.19000757124475665,False
-0.08391881131393841,-0.6336539305098037,False
-0.5413482518167643,-0.82741816464643,False
0.43351496568097536,0.7912781554903903,True
-0.4055034222850755,-0.9598181763281499,False
0.5096487257203617,-0.07212787276417165,False
0.684439768694743,-0.20015740197945653,True
-0.8855112063508135,-0.34779112824436176,False
0.07921169187292554,-0.4689220468228086,False
-0.5102553534079897,0.9115586450100506,True
